ticket_id,customer_id,region,channel,priority,created_at,resolved_at,agent_id,status,sla_target_hours
1,CUST0103,EU,Phone,Low,2025-01-01 12:00:00,2025-01-06 22:45:15.862025,AGENT037,closed,72
2,CUST0180,APAC,Chat,Low,2025-01-01 13:00:00,,AGENT015,in_progress,72
3,CUST0093,NA,Phone,Critical,2025-01-04 01:00:00,2025-01-04 16:41:32.880711,AGENT035,resolved,8
4,CUST0015,EU,Chat,High,2025-01-05 01:00:00,2025-01-05 13:59:26.486394,AGENT028,resolved,24
5,CUST0107,NA,Phone,Low,2025-01-03 06:00:00,,AGENT007,in_progress,72
6,CUST0072,NA,Email,Medium,2025-01-06 07:00:00,2025-01-09 19:28:00.349228,AGENT032,closed,48
7,CUST0189,NA,Web,Critical,2025-01-15 05:00:00,2025-01-15 18:01:16.557875,AGENT011,closed,8
8,CUST0021,NA,Phone,High,2025-01-06 03:00:00,2025-01-06 23:13:58.795458,AGENT010,resolved,24
9,CUST0103,NA,Phone,Medium,2025-01-04 13:00:00,,AGENT009,in_progress,48
10,CUST0122,NA,Web,High,2025-01-03 06:00:00,,AGENT014,open,24
11,CUST0075,LATAM,Phone,Critical,2025-01-02 18:00:00,2025-01-03 09:28:33.028034,AGENT013,resolved,8
12,CUST0088,NA,Phone,Medium,2025-01-01 06:00:00,2025-01-02 16:40:07.718997,AGENT057,closed,48
13,CUST0117,NA,Chat,Low,2025-01-02 12:00:00,,AGENT025,in_progress,72
14,CUST0100,APAC,Web,Medium,2025-01-08 05:00:00,2025-01-11 05:55:39.341113,AGENT002,resolved,48
15,CUST0104,APAC,Email,High,2025-01-05 22:00:00,2025-01-06 18:05:45.772099,AGENT035,closed,24
16,CUST0152,NA,Phone,Low,2025-01-01 17:00:00,,AGENT007,open,72
17,CUST0131,EU,Web,High,2025-01-02 21:00:00,2025-01-04 00:31:46.932081,AGENT021,resolved,24
18,CUST0150,EU,Chat,Low,2025-01-06 02:00:00,,AGENT018,open,72
19,CUST0053,NA,Email,Low,2025-01-01 05:00:00,2025-01-05 22:40:09.367932,AGENT003,closed,72
20,CUST0002,LATAM,Web,Low,2025-01-02 11:00:00,2025-01-06 11:50:20.620822,AGENT042,resolved,72
21,CUST0088,APAC,Email,Low,2025-01-06 17:00:00,,AGENT054,in_progress,72
22,CUST0158,NA,Email,Critical,2025-01-02 13:00:00,2025-01-02 22:07:48.079113,AGENT039,resolved,8
23,CUST0038,NA,Email,High,2025-01-01 05:00:00,2025-01-02 04:44:53.460649,AGENT041,resolved,24
24,CUST0130,LATAM,Phone,High,2025-01-03 08:00:00,2025-01-05 02:13:39.891380,AGENT049,closed,24
25,CUST0192,EU,Phone,Medium,2025-01-06 22:00:00,2025-01-08 08:21:16.679602,AGENT011,closed,48
26,CUST0188,EU,Chat,Low,2025-01-03 16:00:00,2025-01-07 02:27:03.998395,AGENT039,resolved,72
27,CUST0021,APAC,Chat,Medium,2025-01-01 18:00:00,,AGENT024,open,48
28,CUST0161,EU,Web,Medium,2025-01-02 10:00:00,,AGENT046,in_progress,48
29,CUST0058,LATAM,Chat,Medium,2025-01-02 19:00:00,,AGENT019,open,48
30,CUST0022,LATAM,Email,Low,2025-01-03 14:00:00,2025-01-09 03:36:20.943906,AGENT004,resolved,72
31,CUST0089,APAC,Email,Medium,2025-01-05 06:00:00,2025-01-08 18:54:04.203479,AGENT026,closed,48
32,CUST0049,EU,Phone,Medium,2025-01-01 07:00:00,2025-01-03 11:52:04.104833,AGENT038,resolved,48
33,CUST0059,APAC,Email,Critical,2025-01-07 14:00:00,,AGENT042,in_progress,8
34,CUST0170,APAC,Web,High,2025-01-01 00:00:00,2025-01-02 15:28:18.843923,AGENT032,resolved,24
35,CUST0188,EU,Email,Medium,2025-01-02 09:00:00,2025-01-05 20:16:03.287320,AGENT039,closed,48
36,CUST0015,NA,Email,Medium,2025-01-01 02:00:00,2025-01-04 17:59:59.620302,AGENT045,closed,48
37,CUST0190,APAC,Web,Medium,2025-01-02 11:00:00,2025-01-05 02:12:15.895338,AGENT046,closed,48
38,CUST0190,APAC,Chat,Low,2025-01-03 05:00:00,,AGENT036,in_progress,72
39,CUST0175,EU,Chat,High,2025-01-03 03:00:00,,AGENT040,in_progress,24
40,CUST0190,APAC,Web,High,2025-01-01 13:00:00,2025-01-02 08:21:38.130833,AGENT037,closed,24
41,CUST0051,APAC,Phone,Medium,2025-01-04 02:00:00,2025-01-05 20:22:56.112630,AGENT033,resolved,48
42,CUST0108,NA,Email,Low,2025-01-01 03:00:00,2025-01-03 22:56:06.089267,AGENT036,resolved,72
43,CUST0055,NA,Web,Low,2025-01-05 07:00:00,2025-01-09 11:07:50.404539,AGENT003,closed,72
44,CUST0064,NA,Email,Medium,2025-01-09 19:00:00,2025-01-10 21:21:44.254574,AGENT009,closed,48
45,CUST0131,NA,Phone,Low,2025-01-02 05:00:00,2025-01-06 13:41:33.311862,AGENT008,resolved,72
46,CUST0051,NA,Email,High,2025-01-03 04:00:00,2025-01-04 05:07:00.309300,AGENT033,resolved,24
47,CUST0135,EU,Web,Low,2025-01-02 10:00:00,2025-01-05 05:53:10.012808,AGENT059,resolved,72
48,CUST0021,NA,Email,Low,2025-01-01 00:00:00,2025-01-06 10:59:08.266699,AGENT006,resolved,72
49,CUST0073,APAC,Chat,High,2025-01-02 11:00:00,2025-01-03 15:33:36.310467,AGENT041,resolved,24
50,CUST0167,NA,Phone,Medium,2025-01-05 16:00:00,2025-01-06 22:50:37.749402,AGENT039,closed,48
51,CUST0018,APAC,Phone,Low,2025-01-03 17:00:00,2025-01-08 22:17:19.143409,AGENT004,closed,72
52,CUST0132,NA,Phone,Low,2025-01-01 07:00:00,2025-01-03 00:08:42.920891,AGENT013,closed,72
53,CUST0089,NA,Web,Low,2025-01-06 15:00:00,,AGENT049,open,72
54,CUST0060,EU,Phone,Medium,2025-01-03 06:00:00,2025-01-06 10:19:33.398904,AGENT002,closed,48
55,CUST0014,APAC,Chat,Low,2025-01-06 12:00:00,2025-01-11 11:34:54.739024,AGENT005,closed,72
56,CUST0009,NA,Web,Medium,2025-01-03 14:00:00,2025-01-05 15:23:14.595457,AGENT044,resolved,48
57,CUST0090,LATAM,Chat,Critical,2025-01-03 11:00:00,2025-01-04 00:53:50.835391,AGENT027,closed,8
58,CUST0053,NA,Email,Low,2025-01-01 08:00:00,2025-01-05 03:41:28.376997,AGENT032,closed,72
59,CUST0130,EU,Email,High,2025-01-01 13:00:00,2025-01-02 17:40:42.857464,AGENT021,resolved,24
60,CUST0084,LATAM,Email,Critical,2025-01-11 17:00:00,2025-01-11 21:32:41.421759,AGENT008,resolved,8
61,CUST0092,EU,Email,Low,2025-01-01 18:00:00,,AGENT038,open,72
62,CUST0111,EU,Chat,High,2025-01-12 09:00:00,2025-01-13 07:26:27.783497,AGENT008,resolved,24
63,CUST0188,EU,Web,Medium,2025-01-03 06:00:00,2025-01-07 01:01:57.784453,AGENT050,resolved,48
64,CUST0199,EU,Web,High,2025-01-01 10:00:00,2025-01-02 12:06:20.385642,AGENT003,closed,24
65,CUST0172,APAC,Phone,Medium,2025-01-01 07:00:00,,AGENT054,in_progress,48
66,CUST0008,NA,Chat,Medium,2025-01-01 16:00:00,,AGENT044,open,48
67,CUST0175,NA,Email,Medium,2025-01-08 19:00:00,2025-01-11 10:21:44.774928,AGENT058,resolved,48
68,CUST0035,EU,Chat,High,2025-01-02 14:00:00,,AGENT003,open,24
69,CUST0081,APAC,Phone,Medium,2025-01-02 12:00:00,,AGENT022,in_progress,48
70,CUST0164,EU,Phone,Medium,2025-01-02 03:00:00,,AGENT006,open,48
71,CUST0050,NA,Chat,High,2025-01-01 11:00:00,,AGENT002,in_progress,24
72,CUST0104,APAC,Chat,Low,2025-01-03 00:00:00,,AGENT023,in_progress,72
73,CUST0132,APAC,Chat,Low,2025-01-01 10:00:00,2025-01-05 07:27:30.028789,AGENT044,resolved,72
74,CUST0002,NA,Web,Low,2025-01-06 09:00:00,2025-01-10 12:45:59.607723,AGENT002,resolved,72
75,CUST0134,NA,Email,Low,2025-01-02 09:00:00,2025-01-04 03:37:25.475554,AGENT038,closed,72
76,CUST0054,EU,Chat,Low,2025-01-02 09:00:00,2025-01-05 12:06:54.127866,AGENT017,resolved,72
77,CUST0106,EU,Chat,High,2025-01-02 22:00:00,2025-01-04 12:01:57.424295,AGENT035,closed,24
78,CUST0004,NA,Chat,Low,2025-01-02 18:00:00,,AGENT034,open,72
79,CUST0054,NA,Phone,Medium,2025-01-16 19:00:00,,AGENT023,in_progress,48
80,CUST0191,NA,Phone,Low,2025-01-03 08:00:00,2025-01-05 17:39:37.825617,AGENT030,closed,72
81,CUST0146,NA,Web,High,2025-01-01 06:00:00,,AGENT052,open,24
82,CUST0044,LATAM,Email,Critical,2025-01-03 19:00:00,2025-01-04 01:26:34.585910,AGENT008,resolved,8
83,CUST0162,APAC,Web,Medium,2025-01-01 11:00:00,2025-01-02 11:43:35.485254,AGENT022,resolved,48
84,CUST0190,NA,Email,High,2025-01-01 02:00:00,2025-01-02 05:44:57.657688,AGENT044,resolved,24
85,CUST0014,LATAM,Phone,Low,2025-01-11 14:00:00,,AGENT058,open,72
86,CUST0095,APAC,Phone,High,2025-01-05 10:00:00,2025-01-07 05:46:42.375735,AGENT036,resolved,24
87,CUST0048,EU,Phone,Low,2025-01-12 18:00:00,2025-01-14 11:36:19.086867,AGENT005,resolved,72
88,CUST0015,EU,Web,High,2025-01-02 22:00:00,,AGENT013,open,24
89,CUST0190,NA,Chat,Low,2025-01-03 06:00:00,2025-01-05 14:38:26.954252,AGENT029,resolved,72
90,CUST0040,NA,Chat,Medium,2025-01-01 13:00:00,2025-01-03 11:19:33.912338,AGENT031,closed,48
91,CUST0082,EU,Phone,High,2025-01-01 20:00:00,2025-01-03 10:20:31.525859,AGENT047,closed,24
92,CUST0111,EU,Chat,Low,2025-01-06 11:00:00,,AGENT057,in_progress,72
93,CUST0053,NA,Chat,Low,2025-01-02 07:00:00,2025-01-06 16:11:19.118482,AGENT055,closed,72
94,CUST0024,LATAM,Web,Low,2025-01-06 06:00:00,2025-01-09 14:55:18.990101,AGENT016,resolved,72
95,CUST0154,APAC,Email,Low,2025-01-04 16:00:00,2025-01-09 13:58:46.003584,AGENT042,resolved,72
96,CUST0188,NA,Phone,Medium,2025-01-01 14:00:00,,AGENT030,open,48
97,CUST0124,LATAM,Phone,Low,2025-01-03 02:00:00,2025-01-07 07:50:24.537332,AGENT057,closed,72
98,CUST0041,LATAM,Web,Low,2025-01-04 09:00:00,,AGENT055,in_progress,72
99,CUST0157,LATAM,Web,Low,2025-01-01 19:00:00,2025-01-07 07:46:20.662907,AGENT016,resolved,72
100,CUST0015,NA,Chat,High,2025-01-06 07:00:00,,AGENT012,open,24
101,CUST0045,APAC,Phone,Low,2025-01-03 08:00:00,2025-01-08 12:20:48.800065,AGENT017,closed,72
102,CUST0065,EU,Email,Low,2025-01-01 13:00:00,2025-01-04 04:18:13.930047,AGENT016,closed,72
103,CUST0089,APAC,Web,Low,2025-01-03 14:00:00,2025-01-06 07:18:55.318984,AGENT012,closed,72
104,CUST0071,LATAM,Email,Medium,2025-01-25 11:00:00,,AGENT008,in_progress,48
105,CUST0009,APAC,Email,High,2025-01-01 11:00:00,,AGENT020,in_progress,24
106,CUST0088,APAC,Phone,Low,2025-01-06 02:00:00,2025-01-08 03:32:18.597788,AGENT003,resolved,72
107,CUST0129,APAC,Phone,Low,2025-01-01 16:00:00,2025-01-04 16:23:31.885359,AGENT016,resolved,72
108,CUST0136,APAC,Web,High,2025-01-05 13:00:00,,AGENT030,in_progress,24
109,CUST0063,EU,Phone,High,2025-01-04 23:00:00,2025-01-06 22:59:00.891866,AGENT045,resolved,24
110,CUST0139,NA,Phone,Low,2025-01-02 01:00:00,2025-01-05 08:49:16.054358,AGENT023,closed,72
111,CUST0081,NA,Phone,High,2025-01-02 04:00:00,2025-01-02 23:56:15.301136,AGENT028,closed,24
112,CUST0136,APAC,Email,High,2025-01-05 17:00:00,2025-01-07 08:26:57.781828,AGENT051,closed,24
113,CUST0163,NA,Web,Low,2025-01-02 20:00:00,2025-01-06 18:35:12.726146,AGENT040,closed,72
114,CUST0163,EU,Chat,High,2025-01-04 22:00:00,,AGENT054,in_progress,24
115,CUST0033,NA,Email,Medium,2025-01-01 11:00:00,2025-01-02 21:46:16.695717,AGENT005,resolved,48
116,CUST0123,EU,Phone,Medium,2025-01-06 17:00:00,2025-01-08 20:24:34.765357,AGENT020,closed,48
117,CUST0005,APAC,Email,Low,2025-01-04 17:00:00,,AGENT040,in_progress,72
118,CUST0041,APAC,Phone,Low,2025-01-08 02:00:00,2025-01-11 10:45:45.825402,AGENT056,closed,72
119,CUST0028,NA,Phone,High,2025-01-01 10:00:00,2025-01-03 01:08:16.329194,AGENT044,resolved,24
120,CUST0135,LATAM,Email,Critical,2025-01-03 16:00:00,2025-01-03 20:14:53.003136,AGENT001,resolved,8
121,CUST0072,EU,Web,Medium,2025-01-03 17:00:00,2025-01-05 12:22:09.892450,AGENT057,resolved,48
122,CUST0012,NA,Phone,Medium,2025-01-02 07:00:00,2025-01-04 20:16:00.961301,AGENT030,closed,48
123,CUST0162,APAC,Web,Medium,2025-01-02 20:00:00,2025-01-04 15:21:25.075644,AGENT021,closed,48
124,CUST0033,EU,Chat,Medium,2025-01-01 02:00:00,,AGENT020,open,48
125,CUST0048,NA,Phone,Low,2025-01-05 02:00:00,2025-01-09 09:52:15.157637,AGENT006,closed,72
126,CUST0151,APAC,Web,Low,2025-01-03 09:00:00,,AGENT022,in_progress,72
127,CUST0062,NA,Web,High,2025-01-01 04:00:00,2025-01-02 09:20:50.025314,AGENT018,resolved,24
128,CUST0037,NA,Chat,Low,2025-01-04 10:00:00,2025-01-07 13:03:52.947089,AGENT008,resolved,72
129,CUST0099,EU,Web,High,2025-01-02 21:00:00,2025-01-04 19:10:17.438042,AGENT039,resolved,24
130,CUST0172,NA,Web,Low,2025-01-01 02:00:00,2025-01-05 10:16:23.613284,AGENT032,resolved,72
131,CUST0104,EU,Chat,Low,2025-01-11 11:00:00,2025-01-13 13:02:01.205538,AGENT033,closed,72
132,CUST0035,EU,Phone,Low,2025-01-09 22:00:00,2025-01-13 22:29:23.651966,AGENT053,closed,72
133,CUST0193,APAC,Web,Medium,2025-01-03 03:00:00,2025-01-06 11:12:45.696350,AGENT016,resolved,48
134,CUST0101,APAC,Web,High,2025-01-01 07:00:00,,AGENT012,open,24
135,CUST0175,APAC,Web,Low,2025-01-05 05:00:00,2025-01-09 21:31:00.794385,AGENT038,closed,72
136,CUST0131,APAC,Email,High,2025-01-03 00:00:00,2025-01-03 18:11:42.764117,AGENT052,closed,24
137,CUST0001,APAC,Chat,Medium,2025-01-02 01:00:00,2025-01-05 23:00:51.263751,AGENT034,closed,48
138,CUST0005,NA,Email,High,2025-01-03 00:00:00,,AGENT014,open,24
139,CUST0142,EU,Chat,Low,2025-01-03 05:00:00,,AGENT036,open,72
140,CUST0103,EU,Phone,High,2025-01-03 11:00:00,,AGENT033,in_progress,24
141,CUST0027,NA,Phone,High,2025-01-02 17:00:00,,AGENT023,open,24
142,CUST0137,EU,Web,Low,2025-01-03 19:00:00,2025-01-07 07:28:18.745466,AGENT050,resolved,72
143,CUST0015,EU,Chat,Low,2025-01-08 12:00:00,2025-01-10 17:10:28.921454,AGENT045,closed,72
144,CUST0090,APAC,Phone,High,2025-01-02 08:00:00,2025-01-03 02:29:13.369735,AGENT002,resolved,24
145,CUST0042,LATAM,Chat,Critical,2025-01-04 21:00:00,,AGENT041,open,8
146,CUST0124,EU,Phone,Low,2025-01-07 17:00:00,,AGENT021,in_progress,72
147,CUST0179,NA,Email,Medium,2025-01-02 19:00:00,,AGENT002,open,48
148,CUST0063,NA,Phone,High,2025-01-02 18:00:00,,AGENT027,open,24
149,CUST0096,LATAM,Email,High,2025-01-03 18:00:00,,AGENT057,in_progress,24
150,CUST0052,LATAM,Phone,Critical,2025-01-03 16:00:00,,AGENT009,in_progress,8
151,CUST0096,NA,Web,High,2025-01-05 22:00:00,2025-01-06 13:32:11.254988,AGENT001,closed,24
152,CUST0132,APAC,Email,Medium,2025-01-02 22:00:00,2025-01-06 07:51:11.893706,AGENT011,closed,48
153,CUST0151,NA,Phone,Low,2025-01-17 15:00:00,2025-01-19 16:10:45.456192,AGENT003,resolved,72
154,CUST0143,NA,Web,Low,2025-01-01 04:00:00,2025-01-03 05:30:48.699977,AGENT052,resolved,72
155,CUST0171,NA,Email,Medium,2025-01-01 00:00:00,2025-01-04 13:14:02.242546,AGENT023,closed,48
156,CUST0029,NA,Web,Medium,2025-01-04 01:00:00,,AGENT026,in_progress,48
157,CUST0036,LATAM,Chat,Low,2025-01-02 01:00:00,,AGENT004,in_progress,72
158,CUST0013,APAC,Chat,High,2025-01-01 19:00:00,2025-01-02 19:24:20.689344,AGENT018,closed,24
159,CUST0160,NA,Email,Medium,2025-01-02 02:00:00,,AGENT055,open,48
160,CUST0071,APAC,Phone,Medium,2025-01-01 21:00:00,2025-01-02 23:13:18.368797,AGENT006,resolved,48
161,CUST0187,LATAM,Email,Medium,2025-01-01 02:00:00,2025-01-02 05:44:11.261635,AGENT035,resolved,48
162,CUST0086,LATAM,Web,Medium,2025-01-11 16:00:00,2025-01-13 02:14:10.579786,AGENT022,resolved,48
163,CUST0028,NA,Phone,Low,2025-01-01 17:00:00,2025-01-04 04:02:47.333693,AGENT043,resolved,72
164,CUST0066,NA,Chat,Low,2025-01-04 23:00:00,2025-01-09 10:50:08.840320,AGENT015,closed,72
165,CUST0170,NA,Phone,Low,2025-01-05 07:00:00,,AGENT022,open,72
166,CUST0045,NA,Chat,Low,2025-01-08 22:00:00,,AGENT037,in_progress,72
167,CUST0062,NA,Phone,Medium,2025-01-01 02:00:00,2025-01-02 13:19:38.971776,AGENT052,closed,48
168,CUST0185,EU,Phone,Medium,2025-01-07 04:00:00,2025-01-08 12:33:32.242193,AGENT042,resolved,48
169,CUST0134,NA,Phone,Low,2025-01-03 05:00:00,,AGENT012,open,72
170,CUST0028,NA,Web,High,2025-01-04 00:00:00,2025-01-05 15:31:47.600735,AGENT047,closed,24
171,CUST0028,NA,Web,Low,2025-01-04 02:00:00,2025-01-08 14:28:26.294365,AGENT049,resolved,72
172,CUST0108,NA,Email,High,2025-01-06 03:00:00,2025-01-07 06:40:18.019101,AGENT042,closed,24
173,CUST0044,NA,Email,Critical,2025-01-02 05:00:00,2025-01-02 15:35:30.182128,AGENT038,closed,8
174,CUST0084,EU,Chat,Low,2025-01-04 23:00:00,2025-01-07 20:41:39.387103,AGENT018,resolved,72
175,CUST0030,NA,Web,Medium,2025-01-03 06:00:00,2025-01-05 16:44:24.108925,AGENT045,resolved,48
176,CUST0190,NA,Chat,Low,2025-01-05 17:00:00,2025-01-09 11:43:14.325924,AGENT035,closed,72
177,CUST0075,EU,Email,Medium,2025-01-14 23:00:00,,AGENT030,open,48
178,CUST0128,EU,Chat,Medium,2025-01-01 16:00:00,2025-01-03 19:52:51.900689,AGENT024,closed,48
179,CUST0092,NA,Email,Low,2025-01-16 16:00:00,,AGENT042,in_progress,72
180,CUST0190,NA,Web,Medium,2025-01-01 06:00:00,2025-01-04 23:16:23.517006,AGENT030,resolved,48
181,CUST0129,NA,Phone,Low,2025-01-01 00:00:00,2025-01-02 13:44:04.853105,AGENT014,resolved,72
182,CUST0121,LATAM,Web,Low,2025-01-01 03:00:00,2025-01-06 03:28:28.187090,AGENT006,closed,72
183,CUST0027,EU,Chat,Medium,2025-01-02 06:00:00,2025-01-03 14:57:20.029858,AGENT003,closed,48
184,CUST0190,EU,Chat,Low,2025-01-04 00:00:00,,AGENT016,in_progress,72
185,CUST0121,LATAM,Web,Medium,2025-01-01 05:00:00,,AGENT007,open,48
186,CUST0116,NA,Web,Medium,2025-01-01 00:00:00,2025-01-04 09:25:24.275851,AGENT052,closed,48
187,CUST0003,APAC,Email,Critical,2025-01-09 07:00:00,2025-01-09 18:23:27.394757,AGENT014,resolved,8
188,CUST0103,EU,Chat,Low,2025-01-06 04:00:00,,AGENT009,open,72
189,CUST0198,NA,Chat,Medium,2025-01-05 23:00:00,2025-01-09 11:42:57.681171,AGENT015,resolved,48
190,CUST0155,EU,Web,Medium,2025-01-07 11:00:00,2025-01-08 18:01:15.713206,AGENT021,resolved,48
191,CUST0137,APAC,Phone,Low,2025-01-04 14:00:00,2025-01-08 14:22:11.670538,AGENT035,closed,72
192,CUST0062,EU,Chat,Critical,2025-01-01 07:00:00,,AGENT002,in_progress,8
193,CUST0165,LATAM,Phone,Medium,2025-01-02 12:00:00,2025-01-05 00:04:41.978564,AGENT027,resolved,48
194,CUST0051,NA,Web,Medium,2025-01-04 20:00:00,2025-01-07 22:50:45.273024,AGENT002,resolved,48
195,CUST0172,APAC,Web,High,2025-01-01 23:00:00,2025-01-03 06:14:04.055525,AGENT035,closed,24
196,CUST0152,NA,Email,Critical,2025-01-04 11:00:00,2025-01-04 21:29:19.733300,AGENT018,resolved,8
197,CUST0059,APAC,Chat,High,2025-01-01 01:00:00,2025-01-02 04:27:55.634287,AGENT014,resolved,24
198,CUST0118,EU,Phone,Medium,2025-01-02 02:00:00,,AGENT020,in_progress,48
199,CUST0160,NA,Email,Medium,2025-01-03 09:00:00,2025-01-05 07:14:09.882703,AGENT018,closed,48
200,CUST0096,NA,Chat,Low,2025-01-03 23:00:00,2025-01-07 15:05:04.383655,AGENT010,resolved,72
201,CUST0180,NA,Email,Low,2025-01-03 13:00:00,,AGENT025,open,72
202,CUST0113,NA,Web,Medium,2025-01-04 14:00:00,2025-01-05 22:31:53.219393,AGENT002,resolved,48
203,CUST0062,NA,Chat,Low,2025-01-01 00:00:00,,AGENT025,in_progress,72
204,CUST0186,APAC,Email,Medium,2025-01-01 07:00:00,,AGENT054,open,48
205,CUST0052,EU,Email,Low,2025-01-07 02:00:00,2025-01-12 21:50:36.386197,AGENT033,closed,72
206,CUST0012,APAC,Phone,Low,2025-01-04 10:00:00,2025-01-09 03:09:22.904898,AGENT036,resolved,72
207,CUST0039,LATAM,Email,High,2025-01-01 08:00:00,2025-01-03 06:17:19.738323,AGENT031,closed,24
208,CUST0130,EU,Chat,High,2025-01-06 12:00:00,,AGENT014,in_progress,24
209,CUST0131,APAC,Chat,Low,2025-01-01 19:00:00,2025-01-04 07:29:11.606250,AGENT001,closed,72
210,CUST0113,APAC,Phone,Medium,2025-01-02 22:00:00,,AGENT046,open,48
211,CUST0101,NA,Chat,High,2025-01-01 11:00:00,2025-01-03 06:39:22.596215,AGENT016,resolved,24
212,CUST0113,NA,Web,Low,2025-01-04 17:00:00,2025-01-09 20:20:57.545998,AGENT054,closed,72
213,CUST0184,NA,Chat,High,2025-01-04 07:00:00,2025-01-05 19:22:38.952655,AGENT046,closed,24
214,CUST0081,NA,Chat,Low,2025-01-01 17:00:00,2025-01-06 00:30:11.347550,AGENT052,resolved,72
215,CUST0187,NA,Email,Low,2025-01-06 23:00:00,2025-01-09 21:11:14.509856,AGENT003,resolved,72
216,CUST0113,NA,Email,Critical,2025-01-02 12:00:00,2025-01-03 01:47:48.945910,AGENT035,closed,8
217,CUST0002,APAC,Chat,Low,2025-01-02 00:00:00,2025-01-05 18:09:49.211423,AGENT041,resolved,72
218,CUST0130,APAC,Phone,Medium,2025-01-01 11:00:00,2025-01-02 16:06:15.096471,AGENT006,closed,48
219,CUST0054,NA,Email,High,2025-01-01 22:00:00,2025-01-02 21:15:47.065647,AGENT025,closed,24
220,CUST0087,NA,Phone,Low,2025-01-01 01:00:00,,AGENT013,open,72
221,CUST0129,NA,Chat,Medium,2025-01-03 15:00:00,,AGENT053,open,48
222,CUST0147,EU,Chat,Critical,2025-01-06 12:00:00,2025-01-07 03:13:24.834657,AGENT034,resolved,8
223,CUST0126,EU,Web,Low,2025-01-03 09:00:00,,AGENT008,in_progress,72
224,CUST0130,APAC,Email,High,2025-01-01 17:00:00,,AGENT021,in_progress,24
225,CUST0053,NA,Chat,Medium,2025-01-01 02:00:00,2025-01-04 15:14:56.323549,AGENT034,closed,48
226,CUST0172,APAC,Web,Medium,2025-01-01 17:00:00,2025-01-05 15:41:49.956941,AGENT004,resolved,48
227,CUST0160,LATAM,Email,Medium,2025-01-02 14:00:00,2025-01-05 11:12:55.884771,AGENT025,closed,48
228,CUST0198,NA,Chat,Low,2025-01-05 06:00:00,2025-01-07 20:43:51.916437,AGENT015,resolved,72
229,CUST0160,APAC,Chat,High,2025-01-01 14:00:00,2025-01-02 07:51:40.830438,AGENT004,resolved,24
230,CUST0068,EU,Email,High,2025-01-04 19:00:00,,AGENT045,open,24
231,CUST0183,EU,Email,Medium,2025-01-07 01:00:00,2025-01-08 14:27:28.223006,AGENT012,resolved,48
232,CUST0184,EU,Email,High,2025-01-02 19:00:00,,AGENT032,in_progress,24
233,CUST0123,APAC,Chat,Medium,2025-01-06 04:00:00,2025-01-07 05:25:31.034644,AGENT032,resolved,48
234,CUST0145,EU,Chat,Medium,2025-01-03 10:00:00,2025-01-05 14:07:44.803168,AGENT028,closed,48
235,CUST0038,APAC,Web,Medium,2025-01-04 00:00:00,2025-01-05 13:46:58.054785,AGENT013,resolved,48
236,CUST0024,LATAM,Phone,Medium,2025-01-03 05:00:00,2025-01-05 10:38:21.095350,AGENT031,resolved,48
237,CUST0069,EU,Email,Medium,2025-01-02 20:00:00,2025-01-06 15:19:10.556733,AGENT014,resolved,48
238,CUST0116,LATAM,Chat,High,2025-01-01 19:00:00,,AGENT020,open,24
239,CUST0098,EU,Chat,Medium,2025-01-02 02:00:00,2025-01-04 08:59:56.022304,AGENT018,resolved,48
240,CUST0198,EU,Email,Low,2025-01-02 00:00:00,,AGENT029,in_progress,72
241,CUST0139,EU,Phone,Low,2025-01-03 11:00:00,,AGENT006,in_progress,72
242,CUST0144,NA,Email,Medium,2025-01-01 09:00:00,,AGENT032,open,48
243,CUST0097,APAC,Phone,Medium,2025-01-08 11:00:00,2025-01-12 02:12:53.581618,AGENT029,resolved,48
244,CUST0124,EU,Chat,Medium,2025-01-04 19:00:00,2025-01-07 14:35:46.835507,AGENT043,closed,48
245,CUST0187,EU,Phone,Medium,2025-01-02 12:00:00,,AGENT002,in_progress,48
246,CUST0070,LATAM,Web,Medium,2025-01-01 12:00:00,2025-01-03 05:47:36.498968,AGENT023,resolved,48
247,CUST0093,NA,Chat,Medium,2025-01-07 09:00:00,2025-01-09 10:37:17.553600,AGENT019,resolved,48
248,CUST0003,EU,Web,Low,2025-01-06 04:00:00,,AGENT031,in_progress,72
249,CUST0148,APAC,Email,Medium,2025-01-04 20:00:00,2025-01-06 02:02:31.943685,AGENT051,closed,48
250,CUST0187,APAC,Email,Medium,2025-01-01 22:00:00,2025-01-03 22:00:33.504260,AGENT005,resolved,48
251,CUST0164,EU,Email,High,2025-01-02 13:00:00,2025-01-04 01:23:29.306537,AGENT019,resolved,24
252,CUST0147,APAC,Phone,Medium,2025-01-01 07:00:00,2025-01-02 12:11:31.195287,AGENT034,resolved,48
253,CUST0090,APAC,Chat,Low,2025-01-01 15:00:00,,AGENT010,in_progress,72
254,CUST0195,NA,Email,Low,2025-01-05 14:00:00,2025-01-08 00:11:00.067616,AGENT025,resolved,72
255,CUST0147,NA,Email,Low,2025-01-04 18:00:00,2025-01-07 23:11:44.276901,AGENT002,resolved,72
256,CUST0148,EU,Chat,Medium,2025-01-03 16:00:00,2025-01-07 14:42:27.239995,AGENT011,closed,48
257,CUST0096,NA,Email,Low,2025-01-07 18:00:00,,AGENT050,in_progress,72
258,CUST0199,NA,Web,Medium,2025-01-03 15:00:00,2025-01-06 23:30:36.184511,AGENT031,resolved,48
259,CUST0052,EU,Chat,Medium,2025-01-02 21:00:00,2025-01-06 01:48:39.764691,AGENT056,resolved,48
260,CUST0161,NA,Chat,Low,2025-01-02 05:00:00,,AGENT015,open,72
261,CUST0168,EU,Chat,Medium,2025-01-09 11:00:00,2025-01-10 19:21:56.695931,AGENT009,resolved,48
262,CUST0128,EU,Web,Low,2025-01-01 06:00:00,2025-01-06 06:20:51.203438,AGENT023,closed,72
263,CUST0039,EU,Chat,Medium,2025-01-09 00:00:00,2025-01-12 08:32:21.675945,AGENT019,closed,48
264,CUST0082,EU,Web,Low,2025-01-06 06:00:00,2025-01-10 10:55:08.728059,AGENT009,resolved,72
265,CUST0104,APAC,Chat,High,2025-01-01 10:00:00,2025-01-03 09:39:10.886947,AGENT035,closed,24
266,CUST0129,NA,Phone,Low,2025-01-03 11:00:00,2025-01-06 10:07:38.718623,AGENT021,closed,72
267,CUST0011,APAC,Email,Critical,2025-01-07 01:00:00,2025-01-07 16:17:42.969764,AGENT009,closed,8
268,CUST0185,EU,Phone,Medium,2025-01-03 13:00:00,,AGENT028,open,48
269,CUST0178,APAC,Email,High,2025-01-08 03:00:00,2025-01-09 23:55:49.152498,AGENT046,closed,24
270,CUST0151,EU,Web,Medium,2025-01-09 14:00:00,2025-01-10 14:49:35.787007,AGENT051,resolved,48
271,CUST0159,LATAM,Phone,Medium,2025-01-02 15:00:00,2025-01-04 23:24:30.203662,AGENT007,closed,48
272,CUST0042,EU,Chat,High,2025-01-02 10:00:00,2025-01-04 09:10:32.708603,AGENT016,resolved,24
273,CUST0099,NA,Email,Medium,2025-01-09 06:00:00,,AGENT016,open,48
274,CUST0007,APAC,Email,Medium,2025-01-04 08:00:00,2025-01-05 15:25:29.057136,AGENT033,closed,48
275,CUST0144,NA,Phone,Medium,2025-01-01 08:00:00,2025-01-03 23:26:25.792784,AGENT004,resolved,48
276,CUST0090,NA,Web,Medium,2025-01-01 03:00:00,2025-01-05 01:29:05.785825,AGENT004,closed,48
277,CUST0112,NA,Phone,Low,2025-01-03 11:00:00,2025-01-07 10:59:36.620892,AGENT039,closed,72
278,CUST0060,EU,Web,Low,2025-01-08 23:00:00,2025-01-11 07:30:00.189796,AGENT040,resolved,72
279,CUST0113,EU,Web,Medium,2025-01-06 13:00:00,,AGENT017,open,48
280,CUST0002,NA,Email,Medium,2025-01-04 09:00:00,2025-01-07 02:55:01.893240,AGENT037,resolved,48
281,CUST0129,APAC,Phone,High,2025-01-01 10:00:00,,AGENT039,open,24
282,CUST0048,NA,Phone,Medium,2025-01-01 21:00:00,,AGENT052,open,48
283,CUST0140,NA,Web,Critical,2025-01-07 06:00:00,2025-01-07 12:27:11.832795,AGENT029,closed,8
284,CUST0197,NA,Phone,Low,2025-01-01 14:00:00,,AGENT052,in_progress,72
285,CUST0037,NA,Chat,Low,2025-01-01 23:00:00,2025-01-05 19:07:41.017413,AGENT036,resolved,72
286,CUST0160,EU,Chat,Low,2025-01-01 09:00:00,2025-01-03 04:59:47.614324,AGENT038,closed,72
287,CUST0009,APAC,Phone,Medium,2025-01-04 09:00:00,2025-01-07 04:35:41.107860,AGENT039,resolved,48
288,CUST0099,EU,Phone,High,2025-01-09 15:00:00,,AGENT050,in_progress,24
289,CUST0147,NA,Web,Low,2025-01-01 22:00:00,2025-01-05 17:48:47.928333,AGENT037,closed,72
290,CUST0048,NA,Chat,High,2025-01-02 22:00:00,,AGENT052,open,24
291,CUST0131,NA,Chat,Medium,2025-01-04 00:00:00,2025-01-07 05:17:29.826783,AGENT035,closed,48
292,CUST0148,APAC,Email,Medium,2025-01-23 14:00:00,2025-01-26 11:24:37.562124,AGENT007,closed,48
293,CUST0152,NA,Web,Medium,2025-01-01 07:00:00,2025-01-03 22:34:17.944803,AGENT027,closed,48
294,CUST0054,EU,Email,Low,2025-01-03 01:00:00,2025-01-07 15:29:46.016588,AGENT028,resolved,72
295,CUST0120,LATAM,Chat,Medium,2025-01-02 11:00:00,2025-01-03 21:21:49.743998,AGENT022,resolved,48
296,CUST0161,EU,Web,Medium,2025-01-07 00:00:00,,AGENT014,in_progress,48
297,CUST0152,LATAM,Phone,Low,2025-01-02 22:00:00,2025-01-07 02:17:55.836297,AGENT007,closed,72
298,CUST0116,NA,Web,Medium,2025-01-01 08:00:00,2025-01-02 20:23:31.068252,AGENT037,closed,48
299,CUST0075,APAC,Phone,Low,2025-01-04 00:00:00,2025-01-09 15:57:23.034413,AGENT022,resolved,72
300,CUST0113,EU,Phone,Medium,2025-01-05 10:00:00,,AGENT005,in_progress,48
301,CUST0164,APAC,Web,Medium,2025-01-01 00:00:00,,AGENT055,open,48
302,CUST0166,NA,Phone,Medium,2025-01-06 21:00:00,,AGENT002,open,48
303,CUST0104,NA,Email,Medium,2025-01-01 14:00:00,2025-01-02 18:55:12.199976,AGENT027,closed,48
304,CUST0084,NA,Chat,Low,2025-01-03 09:00:00,2025-01-06 19:28:49.702680,AGENT021,resolved,72
305,CUST0112,APAC,Phone,Medium,2025-01-02 14:00:00,2025-01-05 16:05:50.706208,AGENT054,closed,48
306,CUST0099,APAC,Email,Low,2025-01-04 19:00:00,2025-01-08 08:27:59.035897,AGENT038,closed,72
307,CUST0153,APAC,Phone,Low,2025-01-02 09:00:00,,AGENT015,in_progress,72
308,CUST0093,NA,Chat,High,2025-01-07 02:00:00,2025-01-07 17:18:55.544819,AGENT021,resolved,24
309,CUST0146,APAC,Email,Low,2025-01-04 22:00:00,2025-01-08 21:45:53.761470,AGENT010,resolved,72
310,CUST0128,NA,Chat,Medium,2025-01-04 03:00:00,2025-01-07 01:11:50.990768,AGENT023,resolved,48
311,CUST0110,NA,Chat,Medium,2025-01-05 18:00:00,2025-01-08 20:40:22.967009,AGENT058,closed,48
312,CUST0082,NA,Email,Low,2025-01-05 04:00:00,2025-01-08 08:18:43.415863,AGENT056,closed,72
313,CUST0194,APAC,Email,Low,2025-01-01 02:00:00,2025-01-05 02:52:30.996736,AGENT039,closed,72
314,CUST0054,NA,Email,Low,2025-01-02 12:00:00,,AGENT005,in_progress,72
315,CUST0163,EU,Web,High,2025-01-09 00:00:00,,AGENT001,open,24
316,CUST0189,APAC,Email,Medium,2025-01-01 09:00:00,2025-01-03 17:26:57.934304,AGENT013,closed,48
317,CUST0169,NA,Email,Low,2025-01-05 00:00:00,,AGENT021,open,72
318,CUST0161,EU,Email,Medium,2025-01-12 00:00:00,2025-01-15 00:23:16.925245,AGENT026,resolved,48
319,CUST0068,NA,Email,Medium,2025-01-01 03:00:00,,AGENT050,open,48
320,CUST0033,NA,Phone,Low,2025-01-04 10:00:00,2025-01-08 13:01:26.948896,AGENT045,resolved,72
321,CUST0142,EU,Web,Medium,2025-01-02 21:00:00,,AGENT021,in_progress,48
322,CUST0021,NA,Chat,Medium,2025-01-03 14:00:00,2025-01-06 03:51:16.012110,AGENT053,resolved,48
323,CUST0048,EU,Email,High,2025-01-01 06:00:00,2025-01-02 02:58:58.357942,AGENT018,closed,24
324,CUST0148,EU,Phone,Low,2025-01-01 03:00:00,,AGENT037,open,72
325,CUST0128,EU,Phone,Low,2025-01-04 07:00:00,,AGENT045,open,72
326,CUST0136,APAC,Phone,Low,2025-01-06 04:00:00,2025-01-07 16:13:04.799701,AGENT032,resolved,72
327,CUST0135,EU,Chat,Medium,2025-01-05 13:00:00,2025-01-07 01:32:01.970241,AGENT036,closed,48
328,CUST0195,EU,Email,Low,2025-01-03 08:00:00,,AGENT017,in_progress,72
329,CUST0145,EU,Web,Medium,2025-01-01 07:00:00,2025-01-02 15:25:43.517937,AGENT035,resolved,48
330,CUST0128,NA,Web,High,2025-01-04 11:00:00,,AGENT049,open,24
331,CUST0033,NA,Phone,Medium,2025-01-01 19:00:00,2025-01-04 03:20:02.765907,AGENT011,closed,48
332,CUST0176,APAC,Chat,Medium,2025-01-08 06:00:00,2025-01-11 02:04:57.312677,AGENT021,resolved,48
333,CUST0187,EU,Chat,High,2025-01-06 11:00:00,2025-01-07 06:40:15.817126,AGENT052,closed,24
334,CUST0115,NA,Chat,Medium,2025-01-04 16:00:00,2025-01-08 11:36:43.599275,AGENT055,closed,48
335,CUST0119,EU,Web,Medium,2025-01-09 22:00:00,,AGENT053,in_progress,48
336,CUST0022,NA,Phone,Low,2025-01-01 02:00:00,2025-01-02 14:43:18.011842,AGENT026,closed,72
337,CUST0158,LATAM,Email,Critical,2025-01-04 23:00:00,,AGENT004,open,8
338,CUST0038,NA,Web,Low,2025-01-02 04:00:00,2025-01-07 03:24:30.634696,AGENT034,closed,72
339,CUST0109,NA,Phone,Low,2025-01-08 02:00:00,2025-01-12 09:31:19.614393,AGENT052,resolved,72
340,CUST0051,NA,Phone,Low,2025-01-01 22:00:00,2025-01-05 02:20:38.106647,AGENT048,closed,72
341,CUST0182,EU,Email,Medium,2025-01-04 20:00:00,,AGENT018,open,48
342,CUST0008,APAC,Email,Low,2025-01-07 07:00:00,,AGENT040,in_progress,72
343,CUST0027,NA,Email,Low,2025-01-01 03:00:00,2025-01-02 20:27:10.101588,AGENT035,resolved,72
344,CUST0027,APAC,Chat,Low,2025-01-02 12:00:00,2025-01-06 19:46:06.779110,AGENT041,resolved,72
345,CUST0021,NA,Email,Low,2025-01-05 07:00:00,,AGENT029,in_progress,72
346,CUST0030,APAC,Phone,Medium,2025-01-02 19:00:00,2025-01-04 22:45:51.022535,AGENT052,resolved,48
347,CUST0097,NA,Email,Medium,2025-01-01 22:00:00,,AGENT029,open,48
348,CUST0028,NA,Phone,Low,2025-01-01 17:00:00,2025-01-07 10:07:00.663804,AGENT038,resolved,72
349,CUST0111,APAC,Web,Medium,2025-01-01 10:00:00,2025-01-04 01:01:23.827411,AGENT042,closed,48
350,CUST0192,LATAM,Chat,Medium,2025-01-06 20:00:00,2025-01-10 15:39:17.671727,AGENT021,resolved,48
351,CUST0197,APAC,Web,Low,2025-01-03 13:00:00,,AGENT042,open,72
352,CUST0061,EU,Web,Low,2025-01-01 05:00:00,2025-01-03 16:48:44.060022,AGENT013,resolved,72
353,CUST0048,LATAM,Phone,Critical,2025-01-02 10:00:00,,AGENT049,open,8
354,CUST0147,NA,Web,Medium,2025-01-02 09:00:00,2025-01-05 13:15:08.155966,AGENT041,closed,48
355,CUST0004,LATAM,Phone,Low,2025-01-01 14:00:00,,AGENT017,open,72
356,CUST0035,EU,Email,Medium,2025-01-02 17:00:00,2025-01-05 13:26:30.946204,AGENT056,closed,48
357,CUST0192,APAC,Email,Low,2025-01-02 05:00:00,2025-01-07 00:51:21.919758,AGENT009,closed,72
358,CUST0049,APAC,Phone,Medium,2025-01-02 06:00:00,2025-01-03 21:27:21.910342,AGENT041,closed,48
359,CUST0017,APAC,Email,Low,2025-01-05 00:00:00,2025-01-09 11:49:09.867913,AGENT001,resolved,72
360,CUST0172,EU,Chat,Low,2025-01-01 18:00:00,2025-01-05 11:47:18.104821,AGENT002,closed,72
361,CUST0158,EU,Web,Low,2025-01-04 01:00:00,2025-01-08 21:13:30.350244,AGENT048,closed,72
362,CUST0046,APAC,Chat,High,2025-01-03 12:00:00,2025-01-04 11:46:24.985882,AGENT029,resolved,24
363,CUST0117,NA,Web,Medium,2025-01-03 12:00:00,2025-01-07 04:05:02.781001,AGENT033,resolved,48
364,CUST0006,LATAM,Email,Low,2025-01-04 06:00:00,2025-01-06 03:06:16.351121,AGENT010,resolved,72
365,CUST0099,APAC,Chat,Low,2025-01-03 09:00:00,2025-01-08 12:10:35.207146,AGENT050,resolved,72
366,CUST0124,NA,Email,Medium,2025-01-07 08:00:00,2025-01-10 22:00:54.047011,AGENT058,resolved,48
367,CUST0037,APAC,Web,Low,2025-01-04 09:00:00,2025-01-09 13:15:47.698659,AGENT040,resolved,72
368,CUST0024,EU,Phone,Low,2025-01-03 09:00:00,,AGENT021,in_progress,72
369,CUST0093,APAC,Phone,Critical,2025-01-06 07:00:00,,AGENT028,open,8
370,CUST0046,APAC,Chat,Low,2025-01-03 19:00:00,,AGENT011,open,72
371,CUST0181,NA,Email,Medium,2025-01-02 00:00:00,,AGENT055,in_progress,48
372,CUST0095,EU,Email,Critical,2025-01-01 16:00:00,,AGENT034,open,8
373,CUST0099,LATAM,Chat,Low,2025-01-01 11:00:00,2025-01-05 06:22:28.022089,AGENT008,resolved,72
374,CUST0188,NA,Phone,Low,2025-01-07 21:00:00,,AGENT059,in_progress,72
375,CUST0116,EU,Web,Low,2025-01-04 17:00:00,2025-01-08 04:20:44.080236,AGENT022,closed,72
376,CUST0191,NA,Chat,High,2025-01-09 07:00:00,,AGENT008,open,24
377,CUST0160,EU,Web,High,2025-01-03 18:00:00,,AGENT049,in_progress,24
378,CUST0161,EU,Phone,High,2025-01-02 22:00:00,2025-01-04 21:51:55.592334,AGENT015,closed,24
379,CUST0067,EU,Email,Low,2025-01-01 04:00:00,2025-01-03 16:45:02.054632,AGENT017,resolved,72
380,CUST0128,NA,Phone,High,2025-01-04 08:00:00,,AGENT023,open,24
381,CUST0018,APAC,Chat,High,2025-01-03 14:00:00,2025-01-04 21:41:15.125178,AGENT024,closed,24
382,CUST0025,NA,Email,Medium,2025-01-14 21:00:00,2025-01-17 21:17:19.096179,AGENT045,closed,48
383,CUST0054,NA,Chat,High,2025-01-01 19:00:00,2025-01-03 08:13:52.445608,AGENT019,resolved,24
384,CUST0058,NA,Chat,High,2025-01-03 06:00:00,2025-01-04 01:20:41.596680,AGENT005,resolved,24
385,CUST0067,NA,Phone,Medium,2025-01-04 03:00:00,2025-01-07 02:05:15.268734,AGENT032,closed,48
386,CUST0104,EU,Chat,Medium,2025-01-04 02:00:00,2025-01-07 12:55:21.391632,AGENT044,resolved,48
387,CUST0174,EU,Phone,Low,2025-01-03 11:00:00,2025-01-05 04:24:07.222668,AGENT001,resolved,72
388,CUST0024,APAC,Email,Low,2025-01-05 12:00:00,2025-01-11 02:26:39.478845,AGENT023,closed,72
389,CUST0114,NA,Phone,Medium,2025-01-01 16:00:00,,AGENT037,in_progress,48
390,CUST0032,APAC,Email,Low,2025-01-04 21:00:00,2025-01-06 12:11:11.176640,AGENT008,resolved,72
391,CUST0175,APAC,Phone,High,2025-01-03 21:00:00,,AGENT013,in_progress,24
392,CUST0086,EU,Web,Critical,2025-01-07 19:00:00,2025-01-08 03:16:17.948603,AGENT008,closed,8
393,CUST0151,LATAM,Web,High,2025-01-06 15:00:00,2025-01-07 03:34:09.390232,AGENT057,resolved,24
394,CUST0194,LATAM,Chat,Low,2025-01-02 03:00:00,2025-01-03 23:19:54.041528,AGENT023,resolved,72
395,CUST0127,NA,Phone,Low,2025-01-01 23:00:00,,AGENT043,in_progress,72
396,CUST0155,NA,Phone,Low,2025-01-12 23:00:00,,AGENT001,in_progress,72
397,CUST0130,LATAM,Email,Medium,2025-01-03 05:00:00,2025-01-06 22:36:14.819519,AGENT045,resolved,48
398,CUST0017,APAC,Chat,High,2025-01-08 02:00:00,2025-01-09 02:46:29.963665,AGENT051,closed,24
399,CUST0104,NA,Phone,High,2025-01-01 12:00:00,2025-01-02 15:17:30.390343,AGENT024,resolved,24
400,CUST0161,APAC,Chat,Medium,2025-01-04 02:00:00,,AGENT035,open,48
401,CUST0137,APAC,Web,High,2025-01-05 23:00:00,2025-01-06 18:45:08.631827,AGENT024,closed,24
402,CUST0043,APAC,Phone,High,2025-01-09 20:00:00,,AGENT017,open,24
403,CUST0176,APAC,Phone,Low,2025-01-02 05:00:00,2025-01-06 09:29:10.835449,AGENT005,closed,72
404,CUST0039,APAC,Chat,High,2025-01-04 20:00:00,,AGENT020,open,24
405,CUST0170,NA,Phone,Low,2025-01-03 07:00:00,2025-01-07 11:14:19.489867,AGENT021,resolved,72
406,CUST0026,NA,Chat,Low,2025-01-01 04:00:00,,AGENT040,open,72
407,CUST0099,EU,Phone,Medium,2025-01-04 12:00:00,2025-01-06 14:47:54.341561,AGENT058,closed,48
408,CUST0050,LATAM,Email,Low,2025-01-04 12:00:00,2025-01-07 11:58:03.958158,AGENT031,resolved,72
409,CUST0153,NA,Chat,Medium,2025-01-09 00:00:00,,AGENT046,open,48
410,CUST0152,EU,Phone,Medium,2025-01-03 01:00:00,2025-01-06 16:43:02.748680,AGENT036,resolved,48
411,CUST0013,APAC,Web,Medium,2025-01-01 18:00:00,,AGENT011,in_progress,48
412,CUST0060,EU,Phone,Low,2025-01-01 03:00:00,,AGENT052,in_progress,72
413,CUST0135,APAC,Web,Medium,2025-01-02 14:00:00,2025-01-04 17:35:47.274915,AGENT015,closed,48
414,CUST0057,APAC,Web,Medium,2025-01-02 01:00:00,2025-01-04 12:31:55.457166,AGENT019,resolved,48
415,CUST0036,EU,Email,Medium,2025-01-05 07:00:00,2025-01-07 03:23:52.594421,AGENT007,closed,48
416,CUST0173,EU,Chat,Medium,2025-01-02 07:00:00,2025-01-05 15:38:50.655270,AGENT051,resolved,48
417,CUST0020,EU,Phone,Low,2025-01-09 22:00:00,2025-01-13 04:55:27.843402,AGENT028,resolved,72
418,CUST0065,EU,Email,Medium,2025-01-10 20:00:00,,AGENT051,open,48
419,CUST0008,NA,Phone,Low,2025-01-03 21:00:00,,AGENT043,in_progress,72
420,CUST0144,NA,Web,Medium,2025-01-08 22:00:00,2025-01-11 10:58:47.983264,AGENT058,closed,48
421,CUST0142,EU,Chat,High,2025-01-05 07:00:00,2025-01-06 04:07:15.089240,AGENT005,closed,24
422,CUST0115,NA,Phone,Medium,2025-01-03 08:00:00,,AGENT005,in_progress,48
423,CUST0143,NA,Phone,Medium,2025-01-01 14:00:00,,AGENT030,in_progress,48
424,CUST0092,EU,Web,Critical,2025-01-02 20:00:00,2025-01-03 11:51:06.894389,AGENT054,resolved,8
425,CUST0098,EU,Phone,High,2025-01-03 11:00:00,2025-01-04 09:29:37.848024,AGENT032,closed,24
426,CUST0066,NA,Phone,High,2025-01-06 23:00:00,,AGENT008,in_progress,24
427,CUST0032,APAC,Web,High,2025-01-02 23:00:00,2025-01-04 14:44:48.232005,AGENT010,resolved,24
428,CUST0191,APAC,Email,Low,2025-01-07 20:00:00,2025-01-11 06:10:10.308859,AGENT038,closed,72
429,CUST0086,NA,Web,Low,2025-01-04 08:00:00,,AGENT047,open,72
430,CUST0051,APAC,Email,Medium,2025-01-01 10:00:00,,AGENT032,open,48
431,CUST0153,EU,Chat,Low,2025-01-16 21:00:00,2025-01-19 07:16:17.327097,AGENT048,resolved,72
432,CUST0186,APAC,Email,Medium,2025-01-03 05:00:00,2025-01-06 14:34:47.103620,AGENT028,closed,48
433,CUST0063,EU,Email,Low,2025-01-02 11:00:00,,AGENT017,in_progress,72
434,CUST0190,LATAM,Chat,Medium,2025-01-04 05:00:00,2025-01-06 05:01:10.879716,AGENT031,resolved,48
435,CUST0125,APAC,Email,Medium,2025-01-01 08:00:00,2025-01-04 22:17:38.115646,AGENT008,resolved,48
436,CUST0150,APAC,Web,Medium,2025-01-04 00:00:00,2025-01-07 17:53:54.662331,AGENT040,resolved,48
437,CUST0058,APAC,Email,Medium,2025-01-03 01:00:00,2025-01-06 14:54:26.338133,AGENT025,resolved,48
438,CUST0058,NA,Chat,High,2025-01-02 13:00:00,2025-01-03 02:15:37.025759,AGENT009,resolved,24
439,CUST0086,NA,Web,Medium,2025-01-10 04:00:00,2025-01-13 12:41:27.171025,AGENT002,resolved,48
440,CUST0049,APAC,Chat,High,2025-01-03 05:00:00,2025-01-04 07:48:29.594858,AGENT015,resolved,24
441,CUST0180,EU,Chat,Low,2025-01-01 17:00:00,2025-01-07 03:21:43.471367,AGENT050,resolved,72
442,CUST0170,APAC,Phone,Critical,2025-01-02 20:00:00,2025-01-03 07:39:19.624148,AGENT003,resolved,8
443,CUST0070,NA,Phone,Medium,2025-01-08 13:00:00,2025-01-12 01:01:20.300370,AGENT049,closed,48
444,CUST0015,EU,Chat,Low,2025-01-01 13:00:00,,AGENT036,open,72
445,CUST0054,NA,Chat,Low,2025-01-01 17:00:00,2025-01-05 10:56:19.072124,AGENT004,closed,72
446,CUST0188,EU,Chat,Medium,2025-01-01 00:00:00,2025-01-03 14:31:18.610792,AGENT014,closed,48
447,CUST0101,EU,Phone,Low,2025-01-01 01:00:00,,AGENT041,in_progress,72
448,CUST0008,EU,Phone,Low,2025-01-06 07:00:00,2025-01-08 10:35:37.911374,AGENT041,resolved,72
449,CUST0053,EU,Email,Medium,2025-01-04 22:00:00,2025-01-08 06:26:49.523372,AGENT025,resolved,48
450,CUST0060,EU,Email,Medium,2025-01-02 07:00:00,,AGENT058,in_progress,48
451,CUST0108,EU,Chat,Medium,2025-01-04 14:00:00,2025-01-06 20:11:45.787344,AGENT055,resolved,48
452,CUST0005,APAC,Web,High,2025-01-02 12:00:00,,AGENT050,open,24
453,CUST0103,NA,Web,Medium,2025-01-10 03:00:00,,AGENT010,in_progress,48
454,CUST0196,EU,Phone,Medium,2025-01-11 05:00:00,2025-01-13 17:00:20.766656,AGENT021,closed,48
455,CUST0006,EU,Phone,Low,2025-01-02 11:00:00,,AGENT036,in_progress,72
456,CUST0109,APAC,Phone,Medium,2025-01-06 18:00:00,2025-01-10 02:31:37.327494,AGENT012,closed,48
457,CUST0116,EU,Chat,Low,2025-01-05 10:00:00,2025-01-09 14:40:31.091551,AGENT027,resolved,72
458,CUST0094,APAC,Web,Critical,2025-01-02 02:00:00,2025-01-02 08:24:47.465026,AGENT040,closed,8
459,CUST0047,LATAM,Email,High,2025-01-01 19:00:00,2025-01-03 04:14:54.152626,AGENT002,resolved,24
460,CUST0099,NA,Chat,Medium,2025-01-02 20:00:00,,AGENT054,open,48
461,CUST0055,NA,Email,Low,2025-01-05 13:00:00,2025-01-08 21:01:27.655182,AGENT013,resolved,72
462,CUST0168,EU,Email,High,2025-01-10 16:00:00,,AGENT053,open,24
463,CUST0052,NA,Chat,High,2025-01-05 07:00:00,2025-01-06 11:54:10.510249,AGENT032,resolved,24
464,CUST0144,EU,Email,Low,2025-01-06 19:00:00,2025-01-08 10:03:27.423488,AGENT031,closed,72
465,CUST0013,LATAM,Web,Low,2025-01-03 18:00:00,,AGENT016,in_progress,72
466,CUST0114,NA,Email,High,2025-01-06 09:00:00,2025-01-07 04:33:39.803697,AGENT032,resolved,24
467,CUST0124,NA,Web,Low,2025-01-05 14:00:00,2025-01-08 08:21:07.606041,AGENT032,closed,72
468,CUST0106,NA,Web,High,2025-01-02 10:00:00,2025-01-03 23:39:59.617019,AGENT034,closed,24
469,CUST0158,APAC,Web,Medium,2025-01-03 09:00:00,2025-01-04 09:49:38.849079,AGENT011,resolved,48
470,CUST0147,EU,Phone,Low,2025-01-05 21:00:00,,AGENT010,in_progress,72
471,CUST0145,NA,Email,High,2025-01-01 03:00:00,2025-01-02 05:42:57.533055,AGENT015,resolved,24
472,CUST0120,LATAM,Chat,Low,2025-01-05 22:00:00,,AGENT017,in_progress,72
473,CUST0063,APAC,Chat,Medium,2025-01-01 14:00:00,2025-01-05 08:31:47.764814,AGENT040,closed,48
474,CUST0019,NA,Email,Low,2025-01-03 04:00:00,2025-01-05 04:04:59.183714,AGENT018,closed,72
475,CUST0092,APAC,Phone,Low,2025-01-05 22:00:00,2025-01-09 17:46:25.802139,AGENT055,closed,72
476,CUST0058,APAC,Phone,Medium,2025-01-01 21:00:00,2025-01-05 05:37:46.601516,AGENT009,closed,48
477,CUST0183,NA,Web,Medium,2025-01-01 20:00:00,,AGENT025,open,48
478,CUST0090,NA,Email,Medium,2025-01-02 13:00:00,2025-01-06 08:51:44.114909,AGENT040,closed,48
479,CUST0117,NA,Email,High,2025-01-07 18:00:00,2025-01-09 08:53:02.252484,AGENT059,closed,24
480,CUST0062,NA,Chat,Medium,2025-01-01 00:00:00,,AGENT014,open,48
481,CUST0023,APAC,Email,Low,2025-01-07 22:00:00,2025-01-12 15:49:15.885313,AGENT058,closed,72
482,CUST0127,LATAM,Phone,Low,2025-01-01 12:00:00,,AGENT025,in_progress,72
483,CUST0137,NA,Email,High,2025-01-14 20:00:00,2025-01-16 13:45:12.856489,AGENT050,resolved,24
484,CUST0140,NA,Chat,High,2025-01-10 07:00:00,2025-01-11 11:03:47.678239,AGENT022,closed,24
485,CUST0129,NA,Web,Medium,2025-01-03 01:00:00,2025-01-06 11:01:14.902855,AGENT052,resolved,48
486,CUST0058,NA,Chat,Low,2025-01-03 03:00:00,,AGENT030,open,72
487,CUST0122,APAC,Chat,Low,2025-01-02 23:00:00,2025-01-04 11:51:36.560565,AGENT020,resolved,72
488,CUST0001,NA,Web,Medium,2025-01-04 00:00:00,2025-01-07 18:34:06.225554,AGENT021,resolved,48
489,CUST0034,NA,Chat,High,2025-01-01 06:00:00,2025-01-02 09:57:32.523633,AGENT044,closed,24
490,CUST0096,NA,Chat,Medium,2025-01-01 02:00:00,2025-01-03 17:50:36.144695,AGENT032,resolved,48
491,CUST0126,EU,Email,High,2025-01-01 04:00:00,2025-01-02 01:10:32.739459,AGENT051,resolved,24
492,CUST0118,NA,Email,High,2025-01-02 18:00:00,2025-01-04 08:43:51.995936,AGENT046,closed,24
493,CUST0048,APAC,Web,Low,2025-01-01 23:00:00,2025-01-03 19:16:36.001558,AGENT049,resolved,72
494,CUST0089,NA,Email,Medium,2025-01-03 22:00:00,2025-01-07 12:49:47.200020,AGENT056,resolved,48
495,CUST0117,APAC,Email,Low,2025-01-15 15:00:00,2025-01-20 20:26:11.823118,AGENT021,resolved,72
496,CUST0129,EU,Chat,Low,2025-01-02 11:00:00,2025-01-04 22:20:04.173196,AGENT035,closed,72
497,CUST0016,NA,Phone,High,2025-01-03 13:00:00,2025-01-05 06:08:08.442018,AGENT058,resolved,24
498,CUST0189,EU,Email,Medium,2025-01-02 14:00:00,2025-01-05 22:37:03.924410,AGENT032,resolved,48
499,CUST0192,APAC,Phone,Medium,2025-01-06 15:00:00,,AGENT030,open,48
500,CUST0191,LATAM,Email,Low,2025-01-07 23:00:00,,AGENT055,open,72
